align_session_logs.rish	TWIN	0	0	
amphora_device_wire.rish	TWIN	0	0	
amphora_lap1.rish	TWIN	0	0	
amphora_lap2.rish	TWIN	0	0	
amphora_lap3.rish	TWIN	0	0	
amphora_purchase_delivery.rish	TWIN	0	0	
amphora_resin_chunk.rish	TWIN	0	0	
amphora_vessel_seal.rish	TWIN	0	0	
amphora_vessel_stamp.rish	TWIN	0	0	
anvil_corpus_lap1.rish	TWIN	0	0	
anvil_corpus_lap2.rish	TWIN	0	0	
anvil_corpus_lap3.rish	TWIN	0	0	
anvil_corpus_lap4.rish	TWIN	0	0	
anvil_corpus_lap5.rish	TWIN	0	0	
caravan_capabilities.rish	TWIN	0	0	
caravan_restart_on_ok.rish	TWIN	0	0	
caravan_seeds.rish	TWIN	0	0	
caravan_subscribe_poll_mirror_service.rish	TWIN	0	0	
caravan_subscribe_poll_service.rish	TWIN	0	0	
caravan_subscribe_poll_signal.rish	TWIN	0	0	
caravan_subscribe_poll_source_crash.rish	TWIN	0	0	
caravan_witness_stop_footgun.rish	TWIN	0	0	
chrono_version_sweep.rish	TWIN	0	0	
claim_preserve_witness.rish	TWIN	1	1	
comlink_device_wire.rish	TWIN	0	0	
comlink_hosted_wire.rish	TWIN	0	0	
commerce_steward_demo.rish	TWIN	0	0	
commerce_steward_sight_view.rish	TWIN	0	0	
commerce_steward_view.rish	TWIN	0	0	
compass_rose.rish	TWIN	0	0	
crockford_stamp_witness.rish	TWIN	0	0	
crossing_manifest_seed.rish	TWIN	0	0	
dated_guard.rish	TWIN	0	0	
designed_not_built_witness.rish	TWIN	0	0	
dexter_glass_keyboard_witness.rish	TWIN	0	0	
dexter_glass_witness.rish	TWIN	0	0	
dexter_seva_append_witness.rish	TWIN	0	0	
door3_consumer_edge_pass.rish	TWIN	0	0	
enrich_strengthening_docs.rish	TWIN	0	0	
foundation_seeds.rish	TWIN	0	0	
glow_barket_horizon_witness.rish	SLOW-BOTH	124	124	
glow_barket_lower_witness.rish	SLOW-BOTH	124	124	
glow_barket_parse_witness.rish	TWIN	0	0	
glow_barket_tokenize_witness.rish	TWIN	0	0	
glow_bartis_argv_witness.rish	TWIN	0	0	
glow_bartis_horizon_witness.rish	TWIN	1	1	
glow_digraph_twin_witness.rish	TWIN	0	0	
glow_expr_witness.rish	TWIN	0	0	
glow_face_lit_witness.rish	TWIN	0	0	
glow_g5_nock_family_notes_witness.rish	TWIN	1	1	
glow_jamcue_vectors_witness.rish	TWIN	0	0	
glow_lower_alias_witness.rish	TWIN	0	0	
glow_lower_assert_witness.rish	TWIN	0	0	
glow_lower_bartis_witness.rish	TWIN	0	0	
glow_lower_call2_witness.rish	TWIN	0	0	
glow_lower_call3_witness.rish	TWIN	0	0	
glow_lower_call_witness.rish	TWIN	0	0	
glow_lower_calln_witness.rish	TWIN	0	0	
glow_lower_cast_witness.rish	TWIN	0	0	
glow_lower_cell_witness.rish	TWIN	0	0	
glow_lower_compose2_witness.rish	TWIN	0	0	
glow_lower_compose_core_add_witness.rish	TWIN	0	0	
glow_lower_compose_core_payload_witness.rish	TWIN	0	0	
glow_lower_compose_core_witness.rish	TWIN	0	0	
glow_lower_compose_jam_cue_witness.rish	TWIN	0	0	
glow_lower_compose_lib_witness.rish	TWIN	0	0	
glow_lower_compose_witness.rish	TWIN	0	0	
glow_lower_conditional_witness.rish	TWIN	0	0	
glow_lower_core_lib_witness.rish	TWIN	0	0	
glow_lower_core_witness.rish	TWIN	0	0	
glow_lower_face_lit_witness.rish	TWIN	0	0	
glow_lower_face_witness.rish	TWIN	0	0	
glow_lower_list_witness.rish	TWIN	0	0	
glow_lower_multi_typed_witness.rish	TWIN	0	0	
glow_lower_multi_witness.rish	TWIN	0	0	
glow_lower_mutate_witness.rish	TWIN	0	0	
glow_lower_named_cast_witness.rish	TWIN	0	0	
glow_lower_null_witness.rish	TWIN	0	0	
glow_lower_quad_witness.rish	TWIN	0	0	
glow_lower_shape_witness.rish	TWIN	0	0	
glow_lower_switch_witness.rish	TWIN	0	0	
glow_lower_trap_witness.rish	TWIN	0	0	
glow_lower_triple_witness.rish	TWIN	0	0	
glow_mobile_target_witness.rish	TWIN	1	1	
glow_nest_type_surface_witness.rish	SLOW-BOTH	124	124	
glow_nest_type_witness.rish	SLOW-BOTH	124	124	
glow_network_grant_witness.rish	TWIN	0	0	
glow_repl_witness.rish	TWIN	0	0	
glow_riscv_target_witness.rish	TWIN	1	1	
glow_run_desk_witness.rish	SLOW-BOTH	124	124	
glow_rune_alphabet_witness.rish	TWIN	0	0	
glow_rune_call2_witness.rish	TWIN	0	0	
glow_rune_call3_witness.rish	TWIN	0	0	
glow_rune_call_witness.rish	TWIN	0	0	
glow_rune_calln_witness.rish	TWIN	0	0	
glow_rune_cell_witness.rish	TWIN	0	0	
glow_rune_core_witness.rish	TWIN	0	0	
glow_rune_list_witness.rish	TWIN	0	0	
glow_rune_quad_witness.rish	TWIN	0	0	
glow_rune_shape_witness.rish	TWIN	0	0	
glow_rune_triple_witness.rish	TWIN	0	0	
glow_sample_argv_witness.rish	TWIN	0	0	
glow_sample_demo_fact_line_lits_witness.rish	TWIN	0	0	
glow_sample_demo_fixture_lits_witness.rish	TWIN	0	0	
glow_sensors_grant_witness.rish	TWIN	0	0	
glow_seva_b0_append_witness.rish	TWIN	0	0	
glow_seva_b0_claim_witness.rish	TWIN	0	0	
glow_seva_b0_demo_fixture_witness.rish	TWIN	0	0	
glow_seva_b0_digest_witness.rish	TWIN	0	0	
glow_seva_b0_fields_witness.rish	TWIN	0	0	
glow_seva_b0_fold_witness.rish	TWIN	0	0	
glow_seva_b0_line_witness.rish	TWIN	0	0	
glow_seva_b0_replay_witness.rish	TWIN	0	0	
glow_seva_b0_sign_witness.rish	TWIN	0	0	
glow_seva_b0_typed_append_witness.rish	TWIN	0	0	
glow_storage_scope_witness.rish	TWIN	0	0	
glow_text_floor_witness.rish	TWIN	0	0	
glow_tokens_witness.rish	TWIN	0	0	
glow_truth_semantics_witness.rish	TWIN	0	0	
granary_device_wire.rish	TWIN	0	0	
granary_exchange.rish	TWIN	0	0	
granary_exchange_view.rish	TWIN	0	0	
granary_lap1.rish	TWIN	0	0	
granary_lap2.rish	TWIN	0	0	
granary_lap3.rish	TWIN	0	0	
granary_resin_wire.rish	TWIN	0	0	
granary_settle_view.rish	TWIN	0	0	
granary_steward_sight_view.rish	TWIN	0	0	
granary_steward_view.rish	TWIN	0	0	
granary_weave_settle.rish	TWIN	0	0	
granary_weave_view.rish	TWIN	0	0	
dimeroll_books_view.rish	TWIN	0	0	
dimeroll_bs_view.rish	TWIN	0	0	
dimeroll_cash_account_view.rish	TWIN	0	0	
dimeroll_cash_flow_view.rish	TWIN	0	0	
dimeroll_chart_view.rish	TWIN	0	0	
dimeroll_exception_view.rish	TWIN	0	0	
dimeroll_journal_view.rish	TWIN	0	0	
dimeroll_lap1.rish	TWIN	0	0	
dimeroll_lap2.rish	TWIN	0	0	
dimeroll_lap4.rish	TWIN	0	0	
dimeroll_lap5.rish	TWIN	0	0	
dimeroll_lap6.rish	TWIN	0	0	
dimeroll_lap7.rish	TWIN	0	0	
dimeroll_memo_prefix_view.rish	TWIN	0	0	
dimeroll_pnl_view.rish	TWIN	0	0	
dimeroll_sight_view.rish	TWIN	0	0	
dimeroll_sight_view_lap10.rish	TWIN	0	0	
dimeroll_sight_view_lap11.rish	TWIN	0	0	
dimeroll_sight_view_lap2.rish	TWIN	0	0	
dimeroll_sight_view_lap3.rish	TWIN	0	0	
dimeroll_sight_view_lap4.rish	TWIN	0	0	
dimeroll_sight_view_lap5.rish	TWIN	0	0	
dimeroll_sight_view_lap6.rish	TWIN	0	0	
dimeroll_sight_view_lap7.rish	TWIN	0	0	
dimeroll_sight_view_lap8.rish	TWIN	0	0	
dimeroll_sight_view_lap9.rish	TWIN	0	0	
dimeroll_sum_amounts_view.rish	TWIN	0	0	
dimeroll_tb_view.rish	TWIN	0	0	
hawm0_boot_harvest_chain_witness.rish	TWIN	1	1	
hawm0_boot_harvest_onpath_host.rish	TWIN	1	1	
hawm0_boot_onpath_host.rish	TWIN	1	1	
hawm0_emulator_serial_pin_witness.rish	TWIN	0	0	
hawm1_seva_witness.rish	TWIN	1	1	
hawm3_seva_device_witness.rish	TWIN	1	1	
hawm_harvest_session_root_witness.rish	TWIN	0	0	
hawm_log_harvest_witness.rish	TWIN	1	1	
hearth_lulu0_witness.rish	TWIN	0	0	
hearth_lulu1_witness.rish	TWIN	0	0	
hearth_lulu2_witness.rish	TWIN	0	0	
hearth_lulu3_witness.rish	TWIN	0	0	
hearth_lulu4_witness.rish	TWIN	0	0	
hearth_lulu5_witness.rish	TWIN	0	0	
identity_check.rish	TWIN	0	0	
inference_anvil_corpus_apps_prefix_view.rish	TWIN	0	0	
inference_anvil_corpus_dimeroll_prefix_view.rish	TWIN	0	0	
inference_anvil_corpus_max_lines_view.rish	TWIN	0	0	
inference_anvil_corpus_min_lines_view.rish	TWIN	0	0	
inference_anvil_corpus_path_suffix_view.rish	TWIN	0	0	
inference_anvil_corpus_prefix_view.rish	TWIN	0	0	
inference_anvil_corpus_rish_tools_prefix_view.rish	TWIN	0	0	
inference_anvil_corpus_rish_view.rish	TWIN	0	0	
inference_anvil_corpus_rye_apps_prefix_view.rish	TWIN	0	0	
inference_anvil_corpus_rye_dimeroll_prefix_view.rish	TWIN	0	0	
inference_anvil_corpus_rye_prefix_view.rish	TWIN	0	0	
inference_anvil_corpus_sum_lines_view.rish	TWIN	0	0	
inference_anvil_corpus_tools_prefix_view.rish	TWIN	0	0	
inference_anvil_corpus_view.rish	TWIN	0	0	
inference_assist_sight_lap10.rish	TWIN	0	0	
inference_assist_sight_lap11.rish	TWIN	0	0	
inference_assist_sight_lap12.rish	TWIN	0	0	
inference_assist_sight_lap13.rish	TWIN	0	0	
inference_assist_sight_lap14.rish	TWIN	0	0	
inference_assist_sight_lap15.rish	TWIN	0	0	
inference_assist_sight_lap2.rish	TWIN	0	0	
inference_assist_sight_lap3.rish	TWIN	0	0	
inference_assist_sight_lap4.rish	TWIN	0	0	
inference_assist_sight_lap5.rish	TWIN	0	0	
inference_assist_sight_lap6.rish	TWIN	0	0	
inference_assist_sight_lap7.rish	TWIN	0	0	
inference_assist_sight_lap8.rish	TWIN	0	0	
inference_assist_sight_lap9.rish	TWIN	0	0	
inference_assist_view.rish	TWIN	0	0	
inference_assist_view_lap10.rish	TWIN	0	0	
inference_assist_view_lap11.rish	TWIN	0	0	
inference_assist_view_lap12.rish	TWIN	0	0	
inference_assist_view_lap13.rish	TWIN	0	0	
inference_assist_view_lap14.rish	TWIN	0	0	
inference_assist_view_lap15.rish	TWIN	0	0	
inference_assist_view_lap16.rish	TWIN	0	0	
inference_assist_view_lap17.rish	TWIN	0	0	
inference_assist_view_lap2.rish	TWIN	0	0	
inference_assist_view_lap3.rish	TWIN	0	0	
inference_assist_view_lap4.rish	TWIN	0	0	
inference_assist_view_lap5.rish	TWIN	0	0	
inference_assist_view_lap6.rish	TWIN	0	0	
inference_assist_view_lap7.rish	TWIN	0	0	
inference_assist_view_lap8.rish	TWIN	0	0	
inference_assist_view_lap9.rish	TWIN	0	0	
inference_scribble_blocks_view.rish	TWIN	0	0	
inference_scribble_depth_view.rish	TWIN	0	0	
inference_scribble_fence_heading_view.rish	TWIN	0	0	
inference_scribble_fence_view.rish	TWIN	0	0	
inference_scribble_h1_blocks_view.rish	TWIN	0	0	
inference_scribble_h1_view.rish	TWIN	0	0	
inference_scribble_h2_blocks_view.rish	TWIN	0	0	
inference_scribble_h2_view.rish	TWIN	0	0	
inference_scribble_h3_blocks_view.rish	TWIN	0	0	
inference_scribble_h3_view.rish	TWIN	0	0	
inference_scribble_para_blocks_view.rish	TWIN	0	0	
inference_scribble_para_view.rish	TWIN	0	0	
inference_scribble_plain_view.rish	TWIN	0	0	
inference_scribble_rish_blocks_view.rish	TWIN	0	0	
inference_scribble_rish_view.rish	TWIN	0	0	
inference_scribble_rye_blocks_view.rish	TWIN	0	0	
inference_scribble_rye_view.rish	TWIN	0	0	
inference_scribble_tally_blocks_view.rish	TWIN	0	0	
inference_scribble_tally_view.rish	TWIN	0	0	
inference_scribble_view.rish	TWIN	0	0	
kumara_seed.rish	TWIN	0	0	
lane_kvm_onpath_host.rish	TWIN	1	1	
lane_kvm_refuse.rish	TWIN	0	0	
lantern_lap1.rish	TWIN	0	0	
lantern_lap10.rish	TWIN	0	0	
lantern_lap11.rish	TWIN	0	0	
lantern_lap12.rish	TWIN	0	0	
lantern_lap13.rish	TWIN	0	0	
lantern_lap14.rish	TWIN	0	0	
lantern_lap15.rish	TWIN	0	0	
lantern_lap16.rish	TWIN	0	0	
lantern_lap17.rish	TWIN	0	0	
lantern_lap18.rish	TWIN	0	0	
lantern_lap19.rish	TWIN	0	0	
lantern_lap2.rish	TWIN	0	0	
lantern_lap20.rish	TWIN	0	0	
lantern_lap21.rish	TWIN	0	0	
lantern_lap22.rish	TWIN	0	0	
lantern_lap23.rish	TWIN	0	0	
lantern_lap24.rish	TWIN	0	0	
lantern_lap25.rish	TWIN	0	0	
lantern_lap26.rish	TWIN	0	0	
lantern_lap27.rish	TWIN	0	0	
lantern_lap28.rish	TWIN	0	0	
lantern_lap29.rish	TWIN	0	0	
lantern_lap3.rish	TWIN	0	0	
lantern_lap30.rish	TWIN	0	0	
lantern_lap31.rish	TWIN	0	0	
lantern_lap32.rish	TWIN	0	0	
lantern_lap33.rish	TWIN	0	0	
lantern_lap4.rish	TWIN	0	0	
lantern_lap5.rish	TWIN	0	0	
lantern_lap6.rish	TWIN	0	0	
lantern_lap7.rish	TWIN	0	0	
lantern_lap8.rish	TWIN	0	0	
lantern_lap9.rish	TWIN	0	0	
lap_vocabulary_sweep.rish	RED	1	1	
