# CION rung-to-stamp map -- derived 20260829 from git log, docs/STOA.md, and lotus/LADDER.md
# Columns: waymark<TAB>rung<TAB>one-clock author stamp<TAB>landing commit<TAB>derivation source
# Waymark and rung stay in separate fields so the campaign fixture does not raise its own drift meter.
# CENSUS with '-' keeps an honestly underivable rung number, per the seated campaign.
STOA	0	20260718.211612	4a721a314c0f2d7525ace6c07c4755025325f33c	docs-log
STOA	1	20260718.211612	4a721a314c0f2d7525ace6c07c4755025325f33c	docs-log
STOA	2	20260718.211612	4a721a314c0f2d7525ace6c07c4755025325f33c	docs-log
STOA	3	20260718.211612	4a721a314c0f2d7525ace6c07c4755025325f33c	docs-log
STOA	4	20260718.211612	4a721a314c0f2d7525ace6c07c4755025325f33c	docs-log
STOA	5	20260718.211612	4a721a314c0f2d7525ace6c07c4755025325f33c	docs-log
STOA	6	20260718.211612	4a721a314c0f2d7525ace6c07c4755025325f33c	docs-log
STOA	7	20260718.211612	4a721a314c0f2d7525ace6c07c4755025325f33c	docs-log
STOA	8	20260718.211612	4a721a314c0f2d7525ace6c07c4755025325f33c	docs-log
STOA	9	20260718.211612	4a721a314c0f2d7525ace6c07c4755025325f33c	docs-log
STOA	10	20260718.221544	eaf8284a383234835cbd53f5949e1fd34539d215	docs-log
STOA	11	20260718.221544	eaf8284a383234835cbd53f5949e1fd34539d215	docs-log
STOA	12	20260718.223850	0a6efe406f13fb7878a0ce4f4340029e3aecb6df	docs-log
STOA	13	20260718.223850	0a6efe406f13fb7878a0ce4f4340029e3aecb6df	docs-log
STOA	14	20260718.224614	47249100158735dbca5ad67837d0681ddfb0d130	docs-log
STOA	15	20260718.225633	7463c8ec84b09f3d2de36cf3d00776aee1e09f2f	docs-log
STOA	16	20260718.225633	7463c8ec84b09f3d2de36cf3d00776aee1e09f2f	docs-log
STOA	17	20260718.230816	4076c88c47d3d0302eee59a09d627a497acc9e95	docs-log
STOA	18	20260718.231303	c7ccbee78989632c13cd86b257cc4d3328c28530	docs-log
STOA	19	20260718.232206	73f8f174699913f53b0196649148691c6c858304	docs-log
STOA	20	20260718.232206	73f8f174699913f53b0196649148691c6c858304	docs-log
STOA	21	20260718.232943	79a59966a2cf4dc32e836170487c540ba116928d	docs-log
STOA	22	20260718.233829	3a15ac152eb3251d7afa8a09e104d3695a1bcd9c	docs-log
STOA	23	20260718.234354	302435f18cf637198d99a045d2b9a0506194bedf	docs-log
STOA	24	20260718.234650	13f013e7d01fc6e714e8ec32d41c3b3b8f8e0779	docs-log
STOA	25	20260719.000643	fa4aa438cc6ef65a40a9282e45c112951bccb763	docs-log
STOA	26	20260719.000643	fa4aa438cc6ef65a40a9282e45c112951bccb763	docs-log
STOA	27	20260719.000643	fa4aa438cc6ef65a40a9282e45c112951bccb763	docs-log
STOA	28	20260719.000643	fa4aa438cc6ef65a40a9282e45c112951bccb763	docs-log
STOA	29	20260719.000643	fa4aa438cc6ef65a40a9282e45c112951bccb763	docs-log
STOA	30	20260719.001014	dabab12a5fb4b76ba433cac1f3ff496e7cd29b9e	docs-log
STOA	31	20260719.001339	03e81a48621b523cc12d6810097d0ecdf383c9c7	docs-log
STOA	32	20260719.002248	0de743b7574bc589df9cf0f3a13130cef087ea23	docs-log
STOA	33	20260719.004906	67b24a85de454fcf7a46eba3cb2f8875511d79b8	docs-log
STOA	34	20260719.010808	9b134e551942fd234a7a63cc8d6cf2f3506472a7	docs-log
STOA	35	20260719.010808	9b134e551942fd234a7a63cc8d6cf2f3506472a7	docs-log
STOA	36	20260719.010808	9b134e551942fd234a7a63cc8d6cf2f3506472a7	docs-log
STOA	37	20260719.144136	b4e79363c83dbdd85b9a82f8dcc82095d11994ed	docs-log
STOA	38	20260719.145340	b062719c165c4161ae24cfe16893031ef0d4e151	docs-log
STOA	39	20260719.145946	2bf8b5b1ce626bae48619b3fb94fae914d637756	docs-log
STOA	40	20260719.150908	c8c620fc8ca93f16a4efe8317ba147a947d87c7c	docs-log
STOA	41	20260719.152058	f0ca4cc5614368f0f65d38a1dfade04b810f4a98	docs-log
STOA	42	20260719.153053	877cfd4430976809bb8e9e099d123c869a1d197d	docs-log
STOA	43	20260719.153659	c325d6dd4c12461304bf936f9fa365b9ea61599d	docs-log
STOA	44	20260719.154143	b2f0f8071d3979968a3f3c42b249ce72a4e68859	docs-log
STOA	45	20260719.154746	8c01abfb1806b1e12fd4d7946b88c7fe39f53335	docs-log
STOA	46	20260719.155426	cd8f6db08d9e0d5e7fc6279864bd95b2d1f22b67	docs-log
STOA	47	20260719.161849	635e8ed2664321089a29f7d525bd5e463558919e	docs-log
STOA	48	20260719.162422	906bce74f4f13c9b54159a9a467f53c058c52cda	docs-log
STOA	49	20260719.162859	fbf8c573352f6c93c532d4fc96317e270cb1f757	docs-log
STOA	50	20260719.163459	9bef015283af162cb031b31d9209335429909215	docs-log
STOA	51	20260719.163837	fd51cfc7fd6673f8e380ec872fa095f5565f8f22	docs-log
STOA	52	20260719.164521	28ed77648fbdd969f6779655154ca086fcfb54c1	docs-log
STOA	53	20260719.164933	bc616f8f30914c6a675c72c5584815bacede5f8a	docs-log
STOA	54	20260719.165330	9acbdbcf60cc8bf8feac3b2011a62a4e3f5dfc0e	docs-log
STOA	55	20260719.165656	be0f0165692ce46fbef5b34ae8ac8e6226daa54e	docs-log
STOA	56	20260719.170026	189035f5e00130196461fd726a8d392da0a8e1d1	docs-log
STOA	57	20260719.170451	446cc17302bbf0b935ff359a967bafb46b82f04e	docs-log
STOA	58	20260719.171058	942d9dac74b39186a7f507ec060fd3ccd123418f	docs-log
STOA	59	20260719.171431	054082a8b6c482a38d79a507324f989d147780ce	docs-log
STOA	60	20260719.171814	e738530d2021ddca62bf95278988bf966cf031a8	docs-log
STOA	61	20260719.172207	32f05099617be9d5f214f0e656981d6a0acc10a5	docs-log
STOA	62	20260719.172542	056910c231174a01212c7a3ab04b910f7045edc7	docs-log
STOA	63	20260719.173001	449603ddacd74de134b6b1e26d5a8cfe3d9e9bd2	docs-log
STOA	64	20260719.173525	e18a8a9722f555bf5ce376f5a88c08502b7d30ec	docs-log
STOA	65	20260719.174047	38d979b5363ff4ed6ac3f5aa956f690549b0d662	docs-log
STOA	66	20260719.174502	06a869afb5ae8a048bb4ceab49108ad95d1475db	docs-log
STOA	67	20260719.174909	1faea63430718e2bda40674cdb81fbac8b1f4359	docs-log
STOA	68	20260719.175350	ca8aada8764e85bff823c47fc8c45d56cdc82500	docs-log
STOA	69	20260719.181204	330441fb77b0ab1ecfd8515a5f02d0ea89d41fbc	docs-log
STOA	70	20260719.181723	3d84ebcc05be300fdbd4fe019c80f4155bf7b6fe	docs-log
STOA	71	20260719.182300	c39766809965efe88d47ad16f7f0dcb0642abb0a	docs-log
STOA	72	20260719.182741	d19faba7c11d936e91e3f13ab43fb2b33dd6efa8	docs-log
STOA	73	20260719.184924	eb93e5100c816970dade2a6f75a0810a31699b7c	docs-log
STOA	74	20260719.190856	bfeae2308d03a6d607387556a5084994b0ca7551	docs-log
STOA	75	20260719.192341	3d684e918e9416138a857780b6b15b4da5988572	docs-log
STOA	76	20260719.193013	82f2ecfbf53b048479b0822b2a0df9f9fd3d83d0	docs-log
STOA	77	20260719.193637	0754c659de781bc1b0a77948d33cb4a22eb3b539	docs-log
STOA	78	20260719.194154	1c867b9f95f1436194b64296e060039677b865f2	docs-log
STOA	79	20260719.194733	ea41e60b56ddc3c054c1de5bd6d131c3d95c2228	docs-log
STOA	80	20260719.195241	57b84b2006d7be19ed0692c390a85f9266d161f9	docs-log
STOA	81	20260719.195915	45d1154b6de0bb6612c6ab47035f7531186931cd	docs-log
STOA	82	20260719.200543	afb32775541ceecd8986e8d4c70ec266c24835d0	docs-log
STOA	83	20260719.200932	c51c1f055515ca9c0f8739c7c5aa9f97012daeb6	docs-log
STOA	84	20260719.201425	bbe5a450a838bbf34a23375e3a3ce83773a2b6ca	docs-log
STOA	85	20260719.201825	d0ef6b83dca095122a952b72d104955a0e01349c	docs-log
STOA	86	20260719.202450	2dd72ae077bef287e73dbaa8f896c9a7ee4b3628	docs-log
STOA	87	20260719.203125	ae23052f3fac51b3c6254e26130c9a458e97d86c	docs-log
STOA	88	20260719.203823	98fd5b497d98fdf49d4f8689d18a614b962495d1	docs-log
STOA	89	20260719.204336	63174915ae9909d2037a6b9602b5d4321c6f8497	docs-log
STOA	90	20260719.221009	c76a12b9fcc25dba7653cc6a6283c71242efece2	docs-log
STOA	91	20260719.222758	056473475ec062ca2e9ed15de5c3803370886269	docs-log
STOA	92	20260719.223405	5be2fec84934effbc172552d0e86ff7b4e530ac6	docs-log
STOA	93	20260719.224051	47a90d14350eca00b9f824899786cbcbfbd9e78c	docs-log
STOA	94	20260719.224855	b93b88d3e16553a99cbb140215776dabd894439c	docs-log
STOA	95	20260719.225330	82d23f109adb48c70ea4fd059f4d9bb1dcb023b3	docs-log
STOA	96	20260719.231705	e40ba20701697b59ed5380fd7cc4383d20d8b0a7	docs-log
STOA	97	20260719.233120	5c25e8072499486a2f14b4a3ca6a918aebcb7ec1	docs-log
STOA	98	20260719.233307	0f0ea1e1acd252131530a21428e2d998ab835d22	docs-log
STOA	99	20260719.233430	ac8d9079e9b790de5007e6e7635cb591a4c3ccb1	docs-log
STOA	100	20260720.000028	61cef3d1b24919f6e71fd9e5aeb9c8cb3de05542	docs-log
STOA	101	20260720.000538	52d2914416bcf7f90b74361afc79c7be95c3143e	docs-log
STOA	102	20260720.000713	92b85454349a0b3570f087c9094947d629910f5d	docs-log
STOA	103	20260720.001204	5b3aebf6b2fefc4dfd37490e50adfd11450b6996	docs-log
STOA	104	20260720.002150	7732fbc1defbe890e31dbeec64ab83f44c434626	docs-log
STOA	105	20260720.002833	53575a3ef420d5a20e8e0ba36a5fca2b1c363b38	docs-log
STOA	106	20260720.003038	700b43c083343192ee0f680fe0719d322b755e5f	docs-log
STOA	107	20260720.003500	20d0917be8103c8abce3cf28b7f0519f61e77bc7	docs-log
STOA	108	20260720.105940	7c508dab7f5a312e966488bf294c5b74651cb346	docs-log
STOA	109	20260720.110442	d8f2a463b6f997e544dddf5495f6d11f08b4ad4e	docs-log
STOA	110	20260720.110848	566c9bdcac16919214582d629b997084555fa824	docs-log
STOA	111	20260720.111429	f99cfc834bdc982263ab386c954de31160ed1439	docs-log
STOA	112	20260720.135002	ae3ba16dd80de91961cde37499a047547cc9ac5a	docs-log
STOA	113	20260720.135535	801d1c4f9e634068b9807cd25fd55daa5e92cf36	docs-log
STOA	114	20260720.140003	be6f0179264096271c853124ae41528dba677e90	docs-log
STOA	115	20260720.140400	0a7c85aed84fd65cef6f7b56f8f193c309efed2d	docs-log
STOA	116	20260720.140753	e6ae7f31a717cbb68e0817145bfcd83d6423571f	docs-log
STOA	117	20260720.141139	f366e76a0062bc56c4a41fa49549baf790721481	docs-log
STOA	118	20260720.141632	5c8f045a8effe499725eab28099018601ef8e617	docs-log
STOA	119	20260720.142353	a5bbb74bb0d5b789a8c8233a79184840ce6cfd6b	docs-log
STOA	120	20260720.142837	204dd4975b264e0b6ddd4a5fb08bfc14f0e950e0	docs-log
STOA	121	20260720.143038	ade9c65522fe55ec0adfbf60932baff1fed80208	docs-log
STOA	122	20260720.143533	585b2432d37fba303cf550aa39961c76e7a92093	docs-log
STOA	123	20260720.144205	e40ebc181decdb555ea6866ec482c21c7bf3320e	docs-log
STOA	124	20260720.144808	30770fd0540b83170340b67271f2be230238d730	docs-log
STOA	125	20260720.145403	0d0352ba79a564794dfde488e9c363ab1b1cb44f	docs-log
STOA	126	20260720.145851	10fb566b79f283f3cda21ec570011dd70d2aabe2	docs-log
STOA	127	20260720.150924	df3820ef59faf3da6d7b06b61b7c8f8c7ec8fc90	docs-log
STOA	128	20260720.151956	c9365d28ddc9cfe257174039af3769a9759a64b9	docs-log
STOA	129	20260720.152438	ce5102f170d6582ee11b920e038db39fbc0b401f	docs-log
STOA	130	20260720.153239	2a1f06962c2addb0528751b8601892769bbe2f86	docs-log
STOA	131	20260720.153722	77fbacfe986c2993fa637822b537f1040a2b4537	docs-log
STOA	132	20260720.154102	e65d52a928750303a4b18c2e74d69a912f51a3bb	docs-log
STOA	133	20260720.154401	3e6f629c133ace1edb98838fb33700de516b9dc8	docs-log
STOA	134	20260720.155052	6cc85857d0ded95187ef5967237802ba0b06f2b3	docs-log
STOA	135	20260720.155724	652388216fa05e2ffbf73165fd6f1c19519bf665	docs-log
STOA	136	20260720.160014	20d9ff045511f0c5146a6f054bb1b6331534a1db	docs-log
STOA	137	20260720.160408	34710178ea728142ac71530c4f0cf64185d32278	docs-log
STOA	138	20260720.175612	6ca94ff3ff89da58c4de3a0d3f51c31b8bcc1f29	docs-log
STOA	139	20260720.181652	eb2a5fac6f6d3cdddf2b72c82cc5a443ce11e743	docs-log
STOA	140	20260720.182351	642fbfd4306f7a42875db8aad80ba5b2aa97854d	docs-log
STOA	141	20260720.182758	340bd20c6274f913aa7eb2f9b44dbcf28dfa16ae	docs-log
STOA	142	20260720.184139	e022808ef52c3c9ed918625b79c917e20f241469	docs-log
STOA	143	20260720.184803	7319d80ed391e53d985cca2266e6fecc6fd99a01	docs-log
STOA	144	20260720.185532	e54a1ed4ceb77ace33c23c12f8ddd4717cf9a4cc	docs-log
STOA	145	20260720.190254	f20e9d1d1bf40c6adda9f675e836564eb1b6c816	docs-log
STOA	146	20260720.191034	aed751cc5d1f1768d3b1bd090d052c8385d20ac9	docs-log
STOA	147	20260720.191451	3ee693a04888473773641da0a99b91a4309938ee	docs-log
STOA	148	20260720.195429	40a3fd01f8ad30126e9e9d12b0dc39135afb0ae7	docs-log
STOA	149	20260720.200103	15ad59e7692da5f7dfa623562f6135fa3da20d76	docs-log
STOA	150	20260720.200712	1f5265e00fc41bb03833ddf513314f94def91c2d	docs-log
STOA	151	20260720.201334	e67e86442b70899a867c82ca088cd5f70a53e14d	docs-log
STOA	152	20260720.201902	16adf24ca788e1e5c52b13248eb1bf411d2614e2	docs-log
STOA	153	20260720.202529	a1a6238bf028886bbe85aeb239acff79581352ff	docs-log
STOA	154	20260720.203108	c9519dfc8f74cecb33f82e7949c2ca5e59220de4	docs-log
STOA	155	20260720.203525	ae465de85966571c82cde82aedf4292a73251b7c	docs-log
STOA	156	20260720.204010	b2d591d05b06167f8757730533c95fcdc3b535bf	docs-log
STOA	157	20260720.204459	6367c5dedfc9c9382d29ed39bec7945c5fa3619f	docs-log
STOA	158	20260720.204912	768bb2ce8892b1d8bc13394e1cb61eb9d18e5be7	docs-log
STOA	159	20260720.205304	c5bb72d8e4bcf9cd9ebea297c5a9640b11d019cf	docs-log
STOA	160	20260720.205809	afbd6ca9db93b33d39a3d157a6bb90866f882c23	docs-log
STOA	161	20260720.205809	afbd6ca9db93b33d39a3d157a6bb90866f882c23	docs-log
STOA	162	20260720.210618	c9b1999bc415e26544d83026a34d04668ba35a11	docs-log
STOA	163	20260720.210747	8c1f93ded7daaaac5d5afdb4f7193f823da2279a	docs-log
STOA	164	20260720.210940	e23c88d58e604af2f0f76717fe1e6d42dd3aed72	docs-log
STOA	165	20260720.211115	561198b976f3030fa292f68bd8c7abcdcba8ec5d	docs-log
STOA	166	20260720.211248	d5be373e9db741095ac9c6777b1169e2c5c4461b	docs-log
STOA	167	20260720.211419	83c08d714b1a66254dcc2f25c320a9ee6b14c44e	docs-log
STOA	168	20260720.211745	bc107390b8fd56e7b970293994930729a1563e15	docs-log
STOA	169	20260720.212033	fee9426e22c770a41b11778dbfebd4bbb0b2aa5c	docs-log
STOA	170	20260720.212240	26114054a27981bd0cd55d413cd77c151ede6dbf	docs-log
STOA	171	20260720.212424	33928b97e06777125756038739226efe384502b7	docs-log
STOA	172	20260720.212603	633f811314ba9bc8ab4e132f4a1b8fc4cad40599	docs-log
STOA	173	20260720.213033	b87803d5add6869342dbb2f1ff3236f1782295c2	docs-log
STOA	174	20260720.213240	eb2868c41830ff5e3553c6288f8134023b4d02fd	docs-log
STOA	175	20260720.214042	6d2c024d8c5f19a4e89c367f70ec5bdab5b3ca73	docs-log
STOA	176	20260720.215018	cdd2276dcfd065efc98e17f9a36405a58d3cab3e	docs-log
STOA	177	20260720.215018	a67800fd6b286b49324d76eaf28b61ad19dc48df	head-log
STOA	178	20260721.131113	8facc79f2590e61da50a3721912d15f328ff4a82	ledger+head-log
STOA	179	20260721.131113	8facc79f2590e61da50a3721912d15f328ff4a82	docs-log
STOA	180	20260721.133345	4e1bb2f1d920f9a8a7cf306fd9e919086f5d9aa9	docs-log
STOA	181	20260721.134457	8c56e6fca17666994769220f3737bc0d6c7e3feb	docs-log
STOA	182	20260721.135832	25c70de0f195167900287c5e9b964258f1f02435	docs-log
STOA	183	20260721.135832	25c70de0f195167900287c5e9b964258f1f02435	docs-log
STOA	184	20260721.135832	25c70de0f195167900287c5e9b964258f1f02435	docs-log
STOA	185	20260721.140113	9087681fa0e4a98464b2630e8b559b64143711b9	docs-log
STOA	186	20260721.141631	767a84beb318ef19978a0eddef7e3fa0c3a9ce6b	docs-log
STOA	187	20260721.141631	767a84beb318ef19978a0eddef7e3fa0c3a9ce6b	docs-log
STOA	188	20260721.141631	767a84beb318ef19978a0eddef7e3fa0c3a9ce6b	docs-log
STOA	189	20260721.141631	767a84beb318ef19978a0eddef7e3fa0c3a9ce6b	docs-log
STOA	190	20260721.141631	767a84beb318ef19978a0eddef7e3fa0c3a9ce6b	docs-log
STOA	191	20260721.141938	2d73d7229cdd0796daae085e6ed20fda6b5be6e5	docs-log
STOA	192	20260721.142404	88ee061f597da3c3ff15a14bde66756ace736994	docs-log
STOA	193	20260721.142921	a484734e38671659dbe54c5c1ccfb865ed8c15f3	docs-log
STOA	194	20260721.142921	a484734e38671659dbe54c5c1ccfb865ed8c15f3	docs-log
STOA	195	20260721.143113	b35cc51fbe271a3b63c275fa6f1ec62e435c4d0a	docs-log
STOA	196	20260721.143239	dd453d6b4cedf027ac38c02b1052e6a4ae24e952	docs-log
STOA	197	20260721.143522	d708cf80b4503503bf5efc4dbaae4662dbacfe67	docs-log
STOA	198	20260721.145145	7dd6ea98c033b6001c6b784d9179f3029336ed5a	docs-log
STOA	199A	20260721.150117	94ece79636c585f5a29fefb527949ee2751d4e2a	docs-log
STOA	200	20260721.150117	94ece79636c585f5a29fefb527949ee2751d4e2a	docs-log
STOA	201	20260721.150925	7e0a20e800cd9dcbfe6a7f5a90b3d7a2591635e7	docs-log
STOA	202	20260721.150925	7e0a20e800cd9dcbfe6a7f5a90b3d7a2591635e7	docs-log
STOA	203	20260721.150925	7e0a20e800cd9dcbfe6a7f5a90b3d7a2591635e7	docs-log
STOA	204	20260721.150925	7e0a20e800cd9dcbfe6a7f5a90b3d7a2591635e7	docs-log
STOA	205	20260721.150925	7e0a20e800cd9dcbfe6a7f5a90b3d7a2591635e7	docs-log
STOA	206	20260721.152724	bf446025b8220ce4aa730e2a1fd34adaa3e20a4a	docs-log
STOA	207	20260721.152724	bf446025b8220ce4aa730e2a1fd34adaa3e20a4a	docs-log
STOA	208	20260721.154901	cb2f1c7031844c85eed3804f738f7cbe30638fce	docs-log
STOA	209	20260721.154901	cb2f1c7031844c85eed3804f738f7cbe30638fce	docs-log
STOA	210	20260721.154901	cb2f1c7031844c85eed3804f738f7cbe30638fce	docs-log
STOA	211	20260721.154901	cb2f1c7031844c85eed3804f738f7cbe30638fce	docs-log
STOA	212	20260721.154901	cb2f1c7031844c85eed3804f738f7cbe30638fce	docs-log
STOA	213	20260721.154901	cb2f1c7031844c85eed3804f738f7cbe30638fce	docs-log
STOA	214	20260721.154901	cb2f1c7031844c85eed3804f738f7cbe30638fce	docs-log
STOA	215	20260722.130326	c6f068e34dfb672299c6369ef8229b6916dd0b24	docs-log
STOA	216	20260722.130326	c6f068e34dfb672299c6369ef8229b6916dd0b24	docs-log
STOA	217	20260722.130326	c6f068e34dfb672299c6369ef8229b6916dd0b24	docs-log
STOA	218	20260722.130326	c6f068e34dfb672299c6369ef8229b6916dd0b24	docs-log
STOA	219	20260722.131417	b330f17311c8dde75e7c6c9a832d385eec1b11c1	docs-log
STOA	220	20260722.131417	b330f17311c8dde75e7c6c9a832d385eec1b11c1	docs-log
STOA	221	20260722.131417	b330f17311c8dde75e7c6c9a832d385eec1b11c1	docs-log
STOA	222	20260722.131417	b330f17311c8dde75e7c6c9a832d385eec1b11c1	docs-log
STOA	223	20260722.131918	b9a3ad1e5c9161933449f698732522297a826173	docs-log
STOA	224	20260722.131918	b9a3ad1e5c9161933449f698732522297a826173	docs-log
STOA	225	20260722.132354	9bb174c04ecc44e2cd8e6a66faa6d311e1f2028b	docs-log
STOA	226	20260722.132354	9bb174c04ecc44e2cd8e6a66faa6d311e1f2028b	docs-log
STOA	227	20260722.132822	20b86ed5d9394a45722c11143670835b179349f6	docs-log
STOA	228	20260722.132822	20b86ed5d9394a45722c11143670835b179349f6	docs-log
STOA	229	20260722.133059	f99b731271d06d5fe88ec6eff4ef2b3c9dd9a0f0	docs-log
STOA	230	20260722.133427	e8283f7f8d901415f9faeb83aa08f320b23240b2	docs-log
STOA	231	20260722.134033	b1ba398381617b251f4f60084af6db80890698cb	docs-log
STOA	232	20260722.134033	b1ba398381617b251f4f60084af6db80890698cb	docs-log
STOA	233	20260722.134511	9600094368f18dcedb1dc691ba511e7c6614d045	docs-log
STOA	234	20260722.134511	9600094368f18dcedb1dc691ba511e7c6614d045	docs-log
STOA	235	20260722.134735	b7ece99f84a16ca850e5b2c2722570ce69fae556	docs-log
STOA	236	20260722.134735	b7ece99f84a16ca850e5b2c2722570ce69fae556	docs-log
STOA	237	20260722.135406	1c0f3b3def671f106a9ae962e832ccc823213777	docs-log
STOA	238	20260722.135406	1c0f3b3def671f106a9ae962e832ccc823213777	docs-log
STOA	239	20260722.135647	adc1b83bf6a1c3813cad3cede808b5c85b13531a	docs-log
STOA	240	20260722.135647	adc1b83bf6a1c3813cad3cede808b5c85b13531a	docs-log
STOA	241	20260722.140115	a7b0c2e7d14b7888ff8638c9a5ba47741c0f03c3	head-log
STOA	242	20260722.140115	a7b0c2e7d14b7888ff8638c9a5ba47741c0f03c3	head-log
STOA	243	20260722.141051	c30e9a2b1d028b387f6c6c1a6abbb0a7245e8ad4	head-log
STOA	244	20260722.141051	c30e9a2b1d028b387f6c6c1a6abbb0a7245e8ad4	head-log
STOA	245	20260722.141403	d0a40cc6811398a8ccbce0a6d1da87816b103716	head-log
STOA	246	20260722.141403	d0a40cc6811398a8ccbce0a6d1da87816b103716	head-log
STOA	247	20260722.141553	48a9e87f2d3ee20b1fabe119456084c9c6a1225f	head-log
STOA	248	20260722.141553	48a9e87f2d3ee20b1fabe119456084c9c6a1225f	head-log
STOA	249	20260722.141731	19b552d9dddb816613bd1613878f7e3d5a29d5bd	head-log
STOA	250	20260722.141731	19b552d9dddb816613bd1613878f7e3d5a29d5bd	head-log
STOA	251	20260722.142054	2bb6484d15428fbf30ad5fe97ed75b479cb7ea47	head-log
STOA	252	20260722.142054	2bb6484d15428fbf30ad5fe97ed75b479cb7ea47	head-log
STOA	253	20260722.142353	f3db48f365b9afa87b222dcf7e4b082b74659936	head-log
STOA	254	20260722.142353	f3db48f365b9afa87b222dcf7e4b082b74659936	head-log
STOA	255	20260722.143448	b4222757c99de35118839f6379d32740db1706f2	head-log
STOA	256	20260722.143448	b4222757c99de35118839f6379d32740db1706f2	head-log
STOA	257	20260722.144740	60a03dfef2d824a67bfb890ac155d699f9ad228e	head-log
STOA	258	20260722.144740	60a03dfef2d824a67bfb890ac155d699f9ad228e	head-log
STOA	259	20260722.145308	4ae979545dd80096a7e4eace1d967f74da2409cd	head-log
STOA	260	20260722.145308	4ae979545dd80096a7e4eace1d967f74da2409cd	head-log
STOA	261	20260722.145911	db8b87aec902fcabe45a8183d14ffa0e64d4650d	head-log
STOA	262	20260722.145911	db8b87aec902fcabe45a8183d14ffa0e64d4650d	head-log
STOA	263	20260722.150520	763d0972b1629fe7b3096bf08c6e53a9aaec6b3f	docs-log
STOA	264	20260722.150520	763d0972b1629fe7b3096bf08c6e53a9aaec6b3f	docs-log
STOA	265	20260722.150900	0a8ddaba5275aaa79305e01114d507d635f87f8a	docs-log
STOA	266	20260722.151148	675ae93b3c695f7a569ac7328a0729d6df75682b	docs-log
STOA	267	20260722.151148	675ae93b3c695f7a569ac7328a0729d6df75682b	docs-log
STOA	268	20260722.151418	a43a015c9941865122639d2fcc69a9b6c2c49e2e	docs-log
STOA	269	20260722.151418	a43a015c9941865122639d2fcc69a9b6c2c49e2e	docs-log
STOA	270	20260722.151915	07d068cbbfaf421d7d5a6d5c44b94aacec09303e	docs-log
STOA	271	20260722.151915	07d068cbbfaf421d7d5a6d5c44b94aacec09303e	docs-log
STOA	272	20260722.152303	1a99b84b04593d18d5286e0947c2417957d00ef2	docs-log
STOA	273	20260722.152303	1a99b84b04593d18d5286e0947c2417957d00ef2	docs-log
STOA	274	20260722.152441	98456c6ac66b3c9a441e248d94ee1792caac921d	docs-log
STOA	275	20260722.152703	377163dd921f4d29aab918d061e04e30063254a8	docs-log
STOA	276	20260722.152703	377163dd921f4d29aab918d061e04e30063254a8	docs-log
STOA	277	20260722.152958	59e6b04f668eb85f392d395ef1354ce989972f2d	docs-log
STOA	278	20260722.152958	59e6b04f668eb85f392d395ef1354ce989972f2d	docs-log
STOA	279	20260722.153500	606411318c9c99346454c6955249b61ec3753dec	ledger+head-log
STOA	280	20260722.153500	606411318c9c99346454c6955249b61ec3753dec	ledger+head-log
STOA	281	20260722.153725	d62dc0d3756b43794946ad95ad48720def2d7543	docs-log
STOA	282	20260722.153725	d62dc0d3756b43794946ad95ad48720def2d7543	docs-log
STOA	283	20260722.153905	edfc8bba4d0168f6c64e0d6c4b211e096f78b323	docs-log
STOA	284	20260722.154211	8d860f496fd88c41b727d7c8d8ff63db68503bbc	docs-log
STOA	285	20260722.154211	8d860f496fd88c41b727d7c8d8ff63db68503bbc	docs-log
STOA	286	20260722.154421	4de6824e3ae9e16e938fa5f425005f86f67871ec	docs-log
STOA	287	20260722.154539	ec16bd20b40c3548219de0cdbc28333e92a9ec0c	docs-log
STOA	288	20260722.154726	dcaafaa3407d3aec172f66adb34e97c28d385c8f	docs-log
STOA	289	20260722.155018	f1e227ab8e6583740352e49d38b6032a403953e1	docs-log
STOA	290	20260722.155018	f1e227ab8e6583740352e49d38b6032a403953e1	docs-log
STOA	291	20260722.155211	dd260bf712c58646d701e7585e0bba15a2b604d6	docs-log
STOA	292	20260722.155553	3d9505aa4419d81236a5f060a610f22a9d3c0f34	ledger+head-log
STOA	293	20260722.155918	64c3c05700197bedb5c0d84d3666cea705b56575	docs-log
STOA	294	20260722.155918	64c3c05700197bedb5c0d84d3666cea705b56575	docs-log
STOA	295	20260722.160536	59c733165f1578c37003184771ea68a7cd7ea923	docs-log
STOA	296	20260722.160536	59c733165f1578c37003184771ea68a7cd7ea923	docs-log
STOA	297	20260722.160958	d4a223e399421d7e4d9feaf048cbc1d5f3689553	docs-log
STOA	298	20260722.160958	d4a223e399421d7e4d9feaf048cbc1d5f3689553	docs-log
STOA	299	20260722.161152	267674dfd1f4bfc8c1eeece5a70b5c1f31935535	docs-log
STOA	300	20260722.161826	c0fa545d41ce33398df4b15c4ae30499d0a37086	docs-log
STOA	301	20260722.161826	c0fa545d41ce33398df4b15c4ae30499d0a37086	docs-log
STOA	302	20260722.184415	08e8419a212689537ff6b223b7eedacae448d36c	docs-log
STOA	303	20260722.184940	ba5d30e14342af187773b0711ef450eb042d1cbb	docs-log
STOA	304	20260722.184940	ba5d30e14342af187773b0711ef450eb042d1cbb	docs-log
STOA	305	20260722.190049	34322e0b9034d037f3d3c3999b8d0869c678e584	docs-log
STOA	306	20260722.190049	34322e0b9034d037f3d3c3999b8d0869c678e584	docs-log
STOA	307	20260722.190730	447ceeb32cfb2dfd3b2991fce142cd458d0ede6a	docs-log
STOA	308	20260722.190730	447ceeb32cfb2dfd3b2991fce142cd458d0ede6a	docs-log
STOA	309	20260722.191335	3654427c2a726a2c3d0db8ba96bf9b6290ac6f18	docs-log
STOA	310	20260722.191335	3654427c2a726a2c3d0db8ba96bf9b6290ac6f18	docs-log
STOA	311	20260722.191956	68e872fbb08bae289d4152f93efb09d95d3877a4	docs-log
STOA	312	20260722.191956	68e872fbb08bae289d4152f93efb09d95d3877a4	docs-log
STOA	313	20260722.192622	627df09919d31fe4ddc730c3070df5357f5b4c64	docs-log
STOA	314	20260722.192622	627df09919d31fe4ddc730c3070df5357f5b4c64	docs-log
STOA	315	20260722.193212	ff3884da4fcce34d8d4e56f340711a9f4479cc9d	docs-log
STOA	316	20260722.193212	ff3884da4fcce34d8d4e56f340711a9f4479cc9d	docs-log
STOA	317	20260722.193820	d473e53cc5fcd8076fe7916430a94dda1d7a0de3	docs-log
STOA	318	20260722.193820	d473e53cc5fcd8076fe7916430a94dda1d7a0de3	docs-log
STOA	319	20260722.194457	ea24759de91a6a9c6021479f236706d86c993b51	docs-log
STOA	320	20260722.194457	ea24759de91a6a9c6021479f236706d86c993b51	docs-log
STOA	321	20260722.195111	90cd83ff18ef225fdaddf8839db16720ad087c8a	docs-log
STOA	322	20260722.195111	90cd83ff18ef225fdaddf8839db16720ad087c8a	docs-log
STOA	323	20260722.200311	e37fc401c1d3080223756f1e9db2d2e046d13b8f	docs-log
STOA	324	20260722.201053	1deb21485ff3d6c411040945539746b7e31f4c27	docs-log
STOA	325	20260722.201053	1deb21485ff3d6c411040945539746b7e31f4c27	docs-log
STOA	326	20260722.202136	3e0eb062aaa7c4b4aac0658a2fa01b98da017e7a	docs-log
STOA	327	20260722.202136	3e0eb062aaa7c4b4aac0658a2fa01b98da017e7a	docs-log
STOA	328	20260722.203837	d28e5dc8b2bfd7c11ee65e9f28615284ccb2f44c	docs-log
STOA	329	20260722.203837	d28e5dc8b2bfd7c11ee65e9f28615284ccb2f44c	docs-log
STOA	330	20260722.205041	e24cc1384d14ccfd0ae8bd9bf7d683a886d79745	docs-log
STOA	331	20260722.205041	e24cc1384d14ccfd0ae8bd9bf7d683a886d79745	docs-log
STOA	332	20260724.145539	a900032e2a64c88c2d9e9158c7e32d0bde84a97d	ledger+head-log
STOA	333	20260724.181314	073f38cec41d2e3d74f7239bdd18e20441974314	head-log
STOA	334	20260802.195658	2ae722de691accd12d6c949bb992890f457bfdac	ledger+head-log
STOA	335	20260802.200734	82e0a80cfd4a9c7b01628e8c93caf45c65ad8c8e	ledger+head-log
STOA	336	20260802.205625	1a672bf553a569c1fcd4c9a47be7c033ed5f7415	ledger+head-log
STOA	337	20260802.211829	03f423afca9115d0b8e12c837d63b8a3ae889e6e	ledger+head-log
STOA	338a	20260803.162411	761af65389bd754acc0a417636ecc52c01a90755	head-log
STOA	339	20260803.163728	7c3f257374bf9bf380ecd93bc8a76ede5617ad7b	head-log
STOA	339b	20260803.163728	7c3f257374bf9bf380ecd93bc8a76ede5617ad7b	head-log
STOA	338b	20260803.165237	3f9cee45313e870db282b13629cb9b3764075de0	head-log
STOA	340	20260803.191802	01beb16b181ca76771452d4359c95636fcb6812a	head-log
STOA	341	20260804.001631	1c33f0b1cd0528dd316c130e8f909c90e3725a4b	head-log
STOA	342	20260804.003333	3b0b7a6569fe928fdeea6cd783e6f440a3e300d8	head-log
STOA	343	20260804.004523	3041ec9520238ede40074be74638f791506dfe0a	head-log
STOA	344	20260804.005936	ae2468c6a59f46d8ab3c23cf672be4f56f1a6088	head-log
STOA	345	20260804.012027	e2ea3ab56d989b585284d408b2c1c486a9ae4a6b	head-log
STOA	346	20260804.230305	da806c1ab5e7f456ca5914c4cbc4a75d7b7378f8	head-log
ALES	0	20260814.111805	ff14a6f7bfd3fce6f9a6eafcdd29018eb94fc06b	head-log
ALES	1	20260814.112255	f687f691cdbfa37bf0a433ccee838317b0f7a977	head-log
ALES	2	20260814.113052	0d6fa38a2d922d8a1d68e0101ed599a44dbaafd1	head-log
ALES	3	20260814.113542	2aac409a9017a4d157fd4261ed23748dc0df259b	head-log
ALES	4	20260814.113953	2019b6cb049c201e5bfba3b702ab93086380acc8	head-log
ALES	5	20260814.114847	6f51752aeefbf1c0bfd5920ae785a473d1d53f40	head-log
ALES	6	20260814.115346	a90803b9b01b1a78801f6b3a449c17c1cbe05149	head-log
ALES	7	20260814.115818	d7727e645dc71ab0c4f2b92a612b9789092db3e0	head-log
ALES	8	20260814.120553	527c98241aecaa23d390145c675ed907f199bdf0	head-log
ALES	9	20260814.121026	ddf2df1f12bf259b145aa8be7438b02ceae44205	head-log
ALES	10	20260814.121641	b3a321e26ec90b081e3ee151ea74342e240507cd	head-log
ALES	11	20260814.122726	9031e713478baa192a241a3ea1d3e90d23c5b529	head-log
ALES	12	20260814.123400	12152c6660a8a608ea75b7b7303a57dd9b251dc4	head-log
ALES	13	20260814.124456	9028a7e78c1347a12c15951cdbf49e8726b2f09e	head-log
ALES	14	20260814.125145	f7dde0168347457aa2f1fea98aba464f15d2f2c6	head-log
ALES	15	20260814.125629	b91774f5130a860d4ae901fb08c1d36b984d00bd	head-log
ALES	16	20260814.130537	0331708beaa32159c11642632a426ac0f581acee	head-log
ALES	17	20260814.131051	a82d8af787bf6212b1224072dda693e20a4ea46d	head-log
ALES	18	20260814.131945	2e22bab23031295fc863206db7926c59126b1cef	head-log
ALES	19	20260814.133000	daf70175b572a8439931483588e7f0908b366649	head-log
ALES	20	20260814.133549	3800be9b2bb22347f9a31b8c62ae7372fb1d6f84	head-log
ALES	21	20260814.134119	b795c37324c7d302d27763cc3c412bb060388ae8	head-log
ALES	22	20260814.135109	a2a0c52179d292d6e8fe2b30cc4dfa82d42fb1d5	head-log
ALES	23	20260814.135659	1fca077cdbf3e541b952134126ed068272e6871d	head-log
ALES	24	20260814.140522	13935c43d8702cd12e06db57ae27e3f8a5354f6a	head-log
ALES	25	20260814.141026	a775ef79caa2aa8c87f11da263ef7362d5d18cbb	head-log
ALES	26	20260814.141900	8a487a663675a7d911b76de0b3367ceb2a65bd0f	head-log
ALES	27	20260814.142355	505bc5e5172da72b7f38d0674fbbe644720c29a1	head-log
ALES	28	20260814.143300	4f6f8d92edb5795bc8a4d6edf914f620aba63997	head-log
ALES	29	20260814.143838	2ea81d4dfe35a2d28c4dbed734495c2209aa3adf	head-log
ALES	30	20260814.144724	51bf224269a1f1a0148e99aa858706cfec992e72	head-log
ALES	31	20260814.145353	bbfc823e2f9742862bd5af586ac8d1a114fc3d3a	head-log
ALES	32	20260814.145822	814f6cd99ef22743dd0e9e16c1b3734a3810568b	head-log
ALES	33	20260814.150936	bb39c612fcf3ae6ce0be89a54e98db9b6593e74c	head-log
ALES	34	20260814.151646	3491153140a5e991898722d3dcf1648a45e3c037	head-log
ALES	35	20260814.152445	5def7990617f4b6d2a668efe3af336bcd27b0098	head-log
ALES	36	20260814.152921	1d46760a472f2dc1007dbcc76a1adf3eecda0bce	head-log
ALES	37	20260814.153513	71df7461272759657b44331593f6dacf26334baa	head-log
ALES	38	20260814.154844	8baa57c322a5511265c33fe19742d4f77bb0477b	head-log
ALES	39	20260814.155715	1369a33ad2f9d4a176bbaec56fae2e30dc3cf48c	head-log
ALES	40	20260814.161131	0e77b106b6636df88df2ef4a03a4a659962057ca	head-log
ALES	41	20260814.161707	39802f59f8b9dd58879de14587ec6be7c9c005c9	head-log
ALES	42	20260814.162605	523b6fa847a6e1099b95dfef4348bb5996d2f326	head-log
ALES	43	20260814.163231	5b8ffecccb356cbdce4647de3145c40af5e919b7	head-log
ALES	44	20260814.164153	7c3cd79e7cd76f19313182dbd6ff4240cedfae35	head-log
ALES	45	20260814.164803	934cca1fc6ec01a75738975480a120e947c8262b	head-log
ALES	46	20260814.165620	88c9c0ae235a41ef58c88572340ac9c167ea7cae	head-log
ALES	47	20260814.170111	37b0c1d2a20957ea209c12edf4dd651f5e050bc7	head-log
ALES	48	20260814.170526	3315d4f29b84b2eca1aa7bf96e346e9b5842197e	head-log
ALES	49	20260814.171248	68c874efac5e7823d7c472267669d363fabc3d21	head-log
ALES	50	20260814.171730	ce8faa54284be448fcbc5df2ba8a23f92fa612dc	head-log
ALES	51	20260814.172409	ff3c7cf8d998f810ecf553587c7f3cf8b81627ea	head-log
ALES	52	20260814.173057	d550579a6b7b2fbb7b786c81d6de4fee3e537a38	head-log
ALES	53	20260814.174019	386d5b31beb4a9ad7485ef2e17bc70522697d953	head-log
ALES	54	20260814.174935	677b56d0c43b688d38a176f81fff3d4b6130c733	head-log
ALES	55	20260814.175457	0c20dd13e8f62e2c5b0745efd39b9bbc3908b22b	head-log
ALES	56	20260814.180449	96075f2ff8f37327ee73e553dfa32a0faf798011	head-log
ALES	57	20260814.181621	ff45126f8c6d77f97b9dfc24bea5c54a6994d736	head-log
ALES	58	20260814.182242	be83d65a0bf372e8ee79dad91651b6743cfb90c6	head-log
ALES	59	20260814.182747	99cde993351bc4cd5ccbc8df492dc43217391278	head-log
ALES	60	20260814.183515	ba971c646adc91ca6d2e9ea3f1b577176117b94d	head-log
ALES	61	20260814.183944	be4a20de65f49f752be9b32ef10931eb3ebe7cea	head-log
ALES	62	20260814.184413	c795e468f967d48d580fd6ec5fe7325f6ce4fd5a	head-log
ALES	63	20260814.185351	5978e9655f2521274d5f6bef0f6500fcbe6e1a69	head-log
ALES	64	20260814.190145	dbd2b28caae711dcdf8312a9ec38a7daa3c4ae26	head-log
ALES	65	20260814.190811	2741b9702963210ceb300842327199e68ae902b4	head-log
ALES	66	20260814.191852	0928f67463152575e93ca5cde5470f9ab8688a4b	head-log
ALES	67	20260814.192453	7075f1d11b2c37beac1a69d0c358225a85cf5ff7	head-log
ALES	68	20260814.193333	3f619002b2cec4c0dc6bee9a8e1689b877cab609	head-log
ALES	69	20260814.193758	252452786fc38ea3feceda3fbcc929456c87dc8e	head-log
ALES	70	20260814.194506	c7cf81f3b3881815f55d38068a4a321d06d55622	head-log
ALES	71	20260814.195335	edf45f1855c3bcd7d776c7f385528eaca5166dd3	head-log
ALES	72	20260814.200158	0f3792c1fa854123112b33421a55880d89880fa1	head-log
ALES	73	20260814.200759	29eef73da753640693793c7b9f1894b5aaef24a7	head-log
ALES	74	20260814.201822	3df32133db6cf5edd2e640bb612b32fe109d7e17	head-log
ALES	75	20260814.202440	9133ae01f0d96a784b563117d6658fbd8fb88a3d	head-log
ALES	76	20260814.203441	7a44b83bff147a0e6f8c76d9f2b3c821eec5181e	head-log
ALES	77	20260814.204451	109743f3cb79a640097d1313f5b0224ad867589f	head-log
ALES	78	20260814.205708	40830c42ca25b6357f30e77a4eb690724e90a5ee	head-log
ALES	79	20260814.210311	84dbe150b1a1daeeb8e840cc31642d43ca4a4bee	head-log
ALES	80	20260814.211206	63eaee71b476a897ab0301cb6dcbd97bd365cf8c	head-log
ALES	81	20260814.212144	9c508de223a579f3d8789e9a2bf34a8731f6e6a9	head-log
ALES	82	20260814.212821	b88a3f4aca6d238e2bbacda18e101e308efd51ba	head-log
ALES	83	20260814.213640	05c9044b88835da8780bd3288faa09dd504c4dde	head-log
ALES	84	20260814.214139	6a6d386c728aecf0129b3a849c41807af565d170	head-log
ALES	85	20260814.214911	34537a3004b620c1bef527139805ef361648be79	head-log
ALES	86	20260814.215339	fcf9e759b14b41b742fc29492e24b4ef5c2bd642	head-log
ALES	87	20260814.220357	b75fc41dc848949d51d3bbbb028c2785aa2f08b1	head-log
ALES	88	20260814.220948	c6c4d439fe25afabcdffe4faede8ecf854cb5c98	head-log
ALES	89	20260814.222008	5ce9d495060225877c848d7d999451937d4c03a9	head-log
ALES	90	20260814.223121	9062b47c4c42191945b9cb17cef9e741818b3c0d	head-log
ALES	91	20260814.224220	0522bef238bbb52f139606ad5245c658ad0a4f1d	head-log
ALES	92	20260814.225217	5224173c92159ccdb964b75c1090d59fec5fce1a	head-log
ALES	93	20260814.230238	f786e1e35343724382c621430b9c7085ab80ecb1	head-log
ALES	94	20260814.230912	3d0c0f5519538b2a8f0f9ee66f2c68172130f3ef	head-log
ALES	95	20260814.231857	3abcbcf20be8daeeb9b520772e5f848477fc074e	head-log
ALES	96	20260814.232610	b3401cd742ef7864adfcc2a9580c7de9dae81878	head-log
ALES	97	20260814.233652	8b19e8e2f187a060727fe07671fbe611c8d9ea23	head-log
ALES	98	20260814.234700	d3f01e32cb9a2c39fa07823c4f998413bff8ab23	head-log
ALES	99	20260814.235221	63dae049c4b1122ddb18b3ed87f1c6a559896f0d	head-log
ALES	100	20260815.000037	ebc9768651ab402418498d9d0346bc9332f6bb6b	head-log
ALES	101	20260815.001005	cb69a12d69176eb908bbbb83590372a7b973e9a9	head-log
ALES	102	20260815.001541	6a5f6f721ece8872542e1c10aae43fd5f11aa278	head-log
ALES	103	20260815.002402	8b2d6a7c2a1726fc26c4a6b1fd0c6c56a41b1cc2	head-log
ALES	104	20260815.003151	30231cd41174997a1abda8255708ea56e12b2d9d	head-log
ALES	105	20260815.003843	ede546ec80a3c5e1034d59550d8ea198cca48472	head-log
ALES	106	20260815.004332	1449d34798af32d95775a59db9079cf2ff77419d	head-log
ALES	107	20260815.005209	767e855b13911a26096c1ab0a86f1650800d1665	head-log
ALES	108	20260815.005743	89efe47f49c70c557290378efc402ba97899058d	head-log
ALES	109	20260815.010546	3a64e84824b1a856ff22de0de6eebf627cf57fe9	head-log
ALES	110	20260815.011101	3b280bffa9cc710c082cf26d60915a457e350f8a	head-log
ALES	111	20260815.011809	cef457c1dc9e42bf842b2c7ba98665d7916fa20b	head-log
ALES	112	20260815.012313	eb00b8e5435965dcffa30147f5f1de612ded8f2e	head-log
ALES	113	20260815.013257	e6d7eb8584e7b1a050e7d0e639a37e775fea06be	head-log
ALES	114	20260815.013732	145dc94c28fcc47867acfc50a0040563933a13f6	head-log
ALES	115	20260815.014619	035f498f886e60f37e34369d33afb1c7d7422e97	head-log
ALES	116	20260815.015212	82450068b9c3795e79614c79dee44eb48781938a	head-log
ALES	117	20260815.015848	faadeb0d4c9b8bb279cf40caf3f0fb2e30d3eca9	head-log
ALES	118	20260815.020314	dcb4783526dfb4e928773c30b3ebc6ed13a699e6	head-log
ALES	119	20260815.020725	cfc532b7702fcfb9d15da7b9669625a897c2bbb2	head-log
ALES	120	20260815.021431	3d919215c2ff03bc5644250f1cb1a04e3a047a2b	head-log
ALES	121	20260815.021843	a7bdd6138e7b71eed3a7aa052c5d1cc19b458fe7	head-log
ALES	122	20260815.022234	29ace1ec96cfe7805629a8c28780911bc6a07fd4	head-log
ALES	123	20260815.023010	0e808241d918ddcd5f6a68043cae9e63aa62445b	head-log
ALES	124	20260815.023455	047c296b5e53cef927f1636ba0062b6a355cf59f	head-log
ALES	125	20260815.023859	a1574eaefcbfc95b333329e344b6b937040b2563	head-log
ALES	126	20260815.024637	b0996435bb23191de74ab79c1eed6c6362502d57	head-log
ALES	127	20260815.025052	a47b55f288472853ac0523681e68777d83bbdb8e	head-log
ALES	128	20260815.025605	c621af76310162e572a2a54457b092d164487c19	head-log
ALES	129	20260815.030557	0a2a02a5e1f766529542ad7c83aae8cc510f3ab9	head-log
ALES	130	20260815.031208	34ac4024adaf0d404b17fbc75c8d867653150382	head-log
ALES	131	20260815.032006	239917622ea197c2de0e1a935ef910b66ecce841	head-log
ALES	132	20260815.032529	7f5a1b13022469cbe99aacf5186168047b7ee911	head-log
ALES	133	20260815.033334	3e0a7d33e798893ba9e0d53cb6b233b0d54e824a	head-log
ALES	134	20260815.033853	cbe90b239b137f3421d07f9f0e9f5131c0f2977d	head-log
ALES	135	20260815.034750	3f480c601a81ca86e80e6c47da1565ff55efe8ab	head-log
ALES	136	20260815.035259	a8fb786afe421fd114745fdc422905d43ef74a87	head-log
ALES	137	20260815.035812	6042332774944705f4c1e3ec56bb188d9beec889	head-log
ALES	138	20260815.040702	c2fa5251e65d422c4fd79cef4d456332c010ef0b	head-log
ALES	139	20260815.041233	02decf775a4d154956800595a9d9554cf912f730	head-log
ALES	140	20260815.041813	9f49f4408567103a6065fd64e6afc7b5306cbbc6	head-log
ALES	141	20260815.042601	843ed1f1020dc621c1fc4053e23f2d226dc061f8	head-log
ALES	142	20260815.043144	e48533da0d263d45f110f04d93e5457c2b792ee8	head-log
ALES	143	20260815.043718	60c1bfe3ddff861b2306acb306071a3a05d2e423	head-log
ALES	144	20260815.044852	7fdf0486dd3f039c40fc538c0dfc10b2d9b85a21	head-log
ALES	145	20260815.045428	719ce33c8176d80c4f9dfea1e7eb3b5f9ce27598	head-log
ALES	146	20260815.050617	9736c10486863a748efddb59a3f9391ce4b9e552	head-log
ALES	147	20260815.051318	70d76e678c18c26c5ce7c33fd5c8645618361599	head-log
ALES	148	20260815.052614	64826bd491b4214cdac6b501d2926beff06be449	head-log
ALES	149	20260815.053526	886b753e089c02a98e773059e535a8f9fdea1a07	head-log
ALES	150	20260815.054442	e5e57bee306ecb4304d2ebca1ed9282bc8c2d040	head-log
ALES	151	20260815.054942	969c5035d5a1144a7f8610ef2e52e90c908cbe43	head-log
ALES	152	20260815.055827	3f4a9074a629b75f0e5ceff9ef3c13444c7b18a4	head-log
ALES	153	20260815.060314	8de0ea85a2a94cf439d0de3a02dd7e74d2e0cb32	head-log
ALES	154	20260815.061133	02caf8f26378610509d0806d683a6066b7a39dcf	head-log
ALES	155	20260815.061709	7b071c5ff189b0f7f32a376cacf7d6dc6b6bb2ff	head-log
ALES	156	20260815.062547	b504def5cd178a8958e4e005c26975e4d66d7300	head-log
ALES	157	20260815.063133	6dab76916675628d2ba9882e6870fd2890406a8c	head-log
ALES	158	20260815.063638	92a0c4e75f1460dc1ea05ce919cf07451c6d3ad3	head-log
ALES	159	20260815.064203	60b22d582cfc0dce42c842bd59796d4daa9b4d21	head-log
ALES	160	20260815.064943	c69d4f7da66222723ab71c15dc9eb37381a4870f	head-log
ALES	161	20260815.065513	e9b93ebedbfeaa8b5959de501e66b0b575689bcc	head-log
ALES	162	20260815.070353	af5590ca4c736dbebb0b880da647dad67416c203	head-log
ALES	163	20260815.070901	6cc25b1840aa3245845a1d33c7929f1d1528021d	head-log
ALES	164	20260815.071416	1f9d5d70b985c3bdd2971e09a4007e52305f3084	head-log
ALES	165	20260815.072148	ded1e27f49ae65c7d91e4b7284c55e927c2cf4dc	head-log
ALES	166	20260815.072656	ffc0313f9cf3a3cf1977cea500f3062f7d8f33c2	head-log
ALES	167	20260815.073205	b2039c5a7404b83ba3e8697430cb62174485a7fa	head-log
ALES	168	20260815.073922	f06c4753056c5cbc61cfb052812feb7a4c99e423	head-log
ALES	169	20260815.074418	081d88ab1e76739bd905f644f0832b6b740b6625	head-log
ALES	170	20260815.075234	7ba561ed2fca52987fb1bd94bc08ce9edf4ac183	head-log
ALES	171	20260815.075651	793fa9ea4914bdf0136b8e6d5c3bd2eac68c3b72	head-log
ALES	172	20260815.080342	75dd995bbde9297c015897e12cbc13ff20fce619	head-log
ALES	173	20260815.080736	16d0db7fb8b7d6ca6b0886a1d34aeacdc27c9940	head-log
ALES	174	20260815.081156	2c6bf9a06982982776f5da29abae2994c99db715	head-log
ALES	175	20260815.081903	fab314a301ea4f2c17c1c465c9a8723f02bf0f26	head-log
ALES	176	20260815.082430	c2e5d02cf8acfe36f3584b9d5711ed3512508bcc	head-log
ALES	177	20260815.082919	add2426260a0d9fe9cf4abb85c53e26207127f75	head-log
ALES	178	20260815.083829	08c42e266f5f0b2b1756a98caf61ff83c364e86d	head-log
ALES	179	20260815.084344	b4cd75d7bd8627175451a8b46ac1e2401a6050b0	head-log
ALES	180	20260815.085128	967af9d374c9662726292bbfe2a43ece276d0a37	head-log
ALES	181	20260815.085938	31303f536ad1e6319ce08ee8b00905b65eab66aa	head-log
ALES	182	20260815.090722	5ecf73e4e0bf2743ecd225a7b25479ea6f1daab8	head-log
ALES	183	20260815.091323	a61d8e955d767c5531525050b1a181d6b13f0be4	head-log
ALES	184	20260815.092222	219d05dd680db7a7801d5529caade0f169cd1b9f	head-log
ALES	185	20260815.092639	682c8716f4084e43864aba81a97c13442233898d	head-log
ALES	186	20260815.093735	8e43c7613101fab31700e200fb230961aaf44d43	head-log
ALES	187	20260815.094239	26bc6809efdf571962a6a99ac7fffac0268aab27	head-log
ALES	188	20260815.094914	59c6bb94ab5a02ca043f0ebfa8bd5b5c96cd51d7	head-log
ALES	189	20260815.095357	37899f5c12a0c33f8b1409fba7f3b7420812c8ff	head-log
ALES	190	20260815.100001	293a4b5b7216400e56c9de01268d49b2a3c13ef3	head-log
ALES	191	20260815.100633	0d3ee4d274f3f2df59f347b1164ab6e8d744b78c	head-log
ALES	192	20260815.101235	82bbdf597f1e3095f6bca1254255b54837542778	head-log
ALES	193	20260815.101901	972ccb2ec19231ae332bbdf304bab482e5a80c35	head-log
ALES	194	20260815.102409	eabbeb29e38e48959d50d798380bb49fdd57469a	head-log
ALES	195	20260815.103005	fb606642c1ed9f9e346827953a2e7f05e852cb52	head-log
ALES	196	20260815.103425	16ecd5c8de8bb1ea613a36dda27578762040f16d	head-log
ALES	197	20260815.103823	9ecb930e733d132f6c6406a6ef8327813b36dd8f	head-log
ALES	198	20260815.104709	6024dfbe4990392f16ab9d0363a67355df1d8b65	head-log
ALES	199	20260815.105123	76e71783491fb43ee24dc59b61c31b70643139ce	head-log
ALES	200	20260815.110003	3a65c0ffef97af6b4eb51f3e2bb8a1d104128576	head-log
ALES	201	20260815.110421	33200b63f3ea735df5211705b3d32461e6906e1e	head-log
ALES	202	20260815.111303	3b29eb984b041121f67afd13c1b4b78d1242559d	head-log
ALES	203	20260815.111753	c41531c742d815f4ce352e8ea11a347d4b4dcd4f	head-log
ALES	204	20260815.112743	d29ef4f6dff2e8b0729bf1ec1b6f6bc904da55bd	head-log
ALES	205	20260815.113231	9825ac5500117b5ddfb4e4a6d63f83985ee26565	head-log
ALES	206	20260815.114238	a705c38409b38ea3cf7b9f0585079ff0eb847fb2	head-log
ALES	207	20260815.114740	7c1139afaf95d6fabd17454a888da0510b3a95ca	head-log
ALES	208	20260815.115650	7bf06d68349ebdcf82bc8b27d6191ca9a86645d3	head-log
ALES	209	20260815.120046	a1f3d3f14ef540a0213cecdb9c9f0c23fb6d0b49	head-log
ALES	210	20260815.121138	7b9adafb6e025e66473dc59c767780225c4addd8	head-log
ALES	211	20260815.121708	8fe86a5ce8688483b2a291375159a7a6d9333ece	head-log
ALES	212	20260815.122625	2f5f13c7187dd474950a50ecf0066a5f3634cde9	head-log
ALES	213	20260815.124104	bd00e103d0d169f53b29596580c8fa67f01c835c	head-log
ALES	214	20260815.125816	4f7974ae5372f5a796d9f2d470567eaa3fd1faa8	head-log
ALES	215	20260815.130621	33f53ffcedd26fd816954cb1be7e244c0f269ad2	head-log
ALES	216	20260815.131021	ed0d612a4ae97c8aef46d5947359c7b663402652	head-log
ALES	217	20260815.131950	280bd43b02aa0e71fd01ff538bd49cb788677490	head-log
ALES	218	20260815.132444	7487691d67c48131bc57e760d2b6c5eff45bf860	head-log
ALES	219	20260815.133123	44ab0283ed3cb0fdee8c91a5a06f2f61279c6b0c	head-log
ALES	220	20260815.133506	e573a24ab83a97c9083b2c406c4401a65c39aff3	head-log
ALES	221	20260815.134518	ce1d8fb71d75fe115e2c976638f4fea131e1ebef	head-log
ALES	222	20260815.134936	1f29c5720d65bb1e96c5f678efd8c699b7a0679d	head-log
ALES	223	20260815.135953	135c12d20cd91a9c3835f0ebad1464f253f70951	head-log
ALES	224	20260815.140606	0742c016aa4c2db51de90e1759e10518c2b255ce	head-log
ALES	225	20260815.141031	83f4abac29c80ac3fbb7b139ea7df3d2c9f49fff	head-log
ALES	226	20260815.142113	120f78170dcc7978fd58f37639dfcac3592ad929	head-log
ALES	227	20260815.142506	ff4c0d9af471c8974cb49c686cf41585d364109e	head-log
ALES	228	20260815.143123	498a78439a563524fd11670f4ad920fce1552dbf	head-log
ALES	229	20260815.143456	7a7db79bc49b349a20dacc45f70699fd48cced41	head-log
ALES	230	20260815.143805	6c119859a980062f5bfdd5bd2d87e090fb7ab437	head-log
ALES	231	20260815.144522	a854b891c72145087f5858548b264771c45f698e	head-log
ALES	232	20260815.144817	1f559885681ca698697dc90a8b825bab1bdeb731	head-log
ALES	233	20260815.145054	602d9fee1cab2a3aecffebf9df8da982aa46011f	head-log
ALES	234	20260815.150231	b0dc11a75e4a7c3d7073eb412c19716e392bf542	head-log
ALES	235	20260815.150721	2254bf9b933c414a3a20364c346881a8c2213b77	head-log
ALES	236	20260815.151143	e318988fdfe4b8112c8f0e09e36c5daad4e0a9fe	head-log
ALES	237	20260815.151552	431a68da5f6179f0c7f0d152225813d204c89e3f	head-log
ALES	238	20260815.152056	b4eaa29d4561c8a63e15e32befb7bd109f6a8ead	head-log
